Artsid,Artsnavn,Latin,Kategori
00020,Rødstrubet Lom,Gavia stellata,Alm
00029,Rødstrubet Lom/Sortstrubet Lom,Gavia stellata/G. arctica,Alm
00030,Sortstrubet Lom,Gavia arctica,Alm
00033,Stillehavslom,Gavia pacifica,SU
00040,Islom,Gavia immer,SUB
00049,Islom/Hvidnæbbet Lom,Gavia immer/G. adamsii,Alm
00050,Hvidnæbbet Lom,Gavia adamsii,SUB
00059,Lom sp.,Gaviidae,Alm
00070,Lille Lappedykker,Tachybaptus ruficollis,Alm
00090,Toppet Lappedykker,Podiceps cristatus,Alm
00099,Toppet Lappedykker/Gråstrubet Lappedykker,Podiceps cristatus/P. grisegena,Alm
00100,Gråstrubet Lappedykker,Podiceps grisegena,Alm
00110,Nordisk Lappedykker,Podiceps auritus,Alm
00119,Nordisk Lappedykker/Sorthalset Lappedykker,Podiceps auritus/P. nigricollis,Alm
00120,Sorthalset Lappedykker,Podiceps nigricollis,Alm
00139,Lappedykker sp.,Podicipedidae,Alm
00140,Sortbrynet Albatros,Thalassarche melanophris,SU
00220,Mallemuk,Fulmarus glacialis,Alm
00259,Madeira/Kap Verde/Desertas Petrel,Pterodroma madeira/feae/deserta,Alm
00360,Atlantisk Skråpe/Scopolis Skråpe,Calonectris borealis/C. diomedea,Alm
00361,Scopolis Skråpe,Calonectris diomedea,SU
00362,Atlantisk Skråpe,Calonectris borealis,SU
00369,Atlantisk/Scopolis/Storskråpe,Calonectris borealis/C. diomedea/Puffinus gravis,Alm
00400,Storskråpe,Ardenna gravis,SU
00430,Sodfarvet Skråpe,Ardenna grisea,SUB
00455,Middelhavsskråpe, Balearisk (ssp. mauretanicus),Puffinus yelkouan mauretanicus,SU
00459,Middelhavsskråpe/Almindelig Skråpe,Puffinus yelkouan/P. puffinus,Alm
00460,Almindelig Skråpe,Puffinus puffinus,SUB
00499,Skråpe sp.,Procellariidae,Alm
00520,Lille Stormsvale,Hydrobates pelagicus,SUB
00550,Stor Stormsvale,Hydrobates leucorhous,SUB
00639,Stormsvale sp.,Hydrobatidae,Alm
00700,Brun Sule,Sula leucogaster,SU
00710,Sule,Morus bassanus,Alm
00720,Skarv,Phalacrocorax carbo,Alm
00721,Skarv, Storskarv (ssp. carbo),Phalacrocorax carbo carbo,Alm
00722,Skarv, Mellemskarv (ssp. sinensis),Phalacrocorax carbo sinensis,Alm
00800,Topskarv,Gulosus aristotelis,SUB
00820,Dværgskarv,Microcarbo pygmaeus,SU
00849,Skarv sp.,Phalacrocoracidae,Alm
00880,Hvid Pelikan,Pelecanus onocrotalus,SU
00890,Krøltoppet Pelikan,Pelecanus crispus,SU
00900,Rosapelikan,Pelecanus rufescens,Alm
00919,Pelikan sp.,Pelecanidae,Alm
00950,Rørdrum,Botaurus stellaris,Alm
00960,Amerikansk Rørdrum,Botaurus lentiginosus,SU
00980,Dværghejre,Botaurus minutus,SU
01040,Nathejre,Nycticorax nycticorax,SU
01080,Tophejre,Ardeola ralloides,SU
01110,Kohejre,Ardea ibis,SUB
01190,Silkehejre,Egretta garzetta,SUB
01210,Sølvhejre,Ardea alba,Alm
01219,Hejre sp. (hvid),Ardeidae,Alm
01220,Fiskehejre,Ardea cinerea,Alm
01240,Purpurhejre,Ardea purpurea,SU
01259,Hejre sp.,Ardeidae,Alm
01310,Sort Stork,Ciconia nigra,SUB
01340,Hvid Stork,Ciconia ciconia,Alm
01359,Stork sp.,Ciconiidae,Alm
01360,Sort Ibis,Plegadis falcinellus,SUB
01370,Eremitibis,Geronticus eremita,SU
01420,Hellig Ibis,Threskiornis aethiopicus,SU
01440,Skestork,Platalea leucorodia,Alm
01470,Stor Flamingo/Cariberflamingo,Phoenicopterus roseus/P. ruber,Alm
01471,Cariberflamingo,Phoenicopterus ruber,Alm
01472,Stor Flamingo,Phoenicopterus roseus,SU
01475,Chileflamingo,Phoenicopterus chilensis,Alm
01480,Lille Flamingo,Phoeniconaias minor,Alm
01489,Flamingo sp.,Phoenicopteridae,Alm
01520,Knopsvane,Cygnus olor,Alm
01525,Sortsvane,Cygnus atratus,Alm
01526,Sorthalset Svane,Cygnus melancoryphus,Alm
01530,Pibesvane,Cygnus columbianus,Alm
01539,Pibesvane/Sangsvane,Cygnus columbianus/C. cygnus,Alm
01540,Sangsvane,Cygnus cygnus,Alm
01559,Svane sp.,Cygnus sp.,Alm
01560,Svanegås,Anser cygnoides,Alm
01569,Svanegås x Grågås (hybrid),Anser cygnoides x A. anser,Alm
01570,Tajgasædgås/Tundrasædgås,Anser fabalis/A. serrirostris,Alm
01571,Tajgasædgås,Anser fabalis,Alm
01574,Tundrasædgås,Anser serrirostris,Alm
01580,Kortnæbbet Gås,Anser brachyrhynchus,Alm
01590,Blisgås,Anser albifrons,Alm
01591,Blisgås (ssp. albifrons),Anser albifrons albifrons,Alm
01592,Blisgås, Grønlandsk (ssp. flavirostris),Anser albifrons flavirostris,SUB
01594,Blisgås x Bramgås (hybrid),Anser albifrons x Branta leucopsis,Alm
01599,Blisgås/Dværggås,Anser albifrons/A. erythropus,Alm
01600,Dværggås,Anser erythropus,SUB
01610,Grågås,Anser anser,Alm
01615,Grågås x Blisgås (hybrid),Anser anser x A. albifrons,Alm
01619,Grågås x Bramgås (hybrid),Anser anser x Branta leucopsis,Alm
01620,Indisk Gås,Anser indicus,Alm
01625,Indisk Gås X Grågås (hybrid),Anser indicus x A. anser,Alm
01626,Indisk Gås X Canadagås (hybrid),Anser indicus x Branta canadensis,Alm
01627,Indisk Gås X Bramgås (hybrid),Anser indicus x Branta leucopsis,Alm
01630,Snegås,Anser caerulescens,Alm
01639,Snegås x Bramgås (hybrid),Anser caerulescens x Branta leucopsis,Alm
01640,Dværgsnegås,Anser rossii,SU
01645,Dværgsnegås x Bramgås (hybrid),Anser rossii x Branta leucopsis,Alm
01659,Grå Gås sp.,Anser sp.,Alm
01660,Canadagås,Branta canadensis,Alm
01664,Canadagås x Bramgås (hybrid),Branta canadensis x B. leucopsis,Alm
01665,Dværgcanadagås,Branta hutchinsii,Alm
01669,Canadagås x Grågås (hybrid),Branta canadensis x Anser anser,Alm
01670,Bramgås,Branta leucopsis,Alm
01677,Bramgås x Dværgcanadagås (hybrid),Branta leucopsis x B. hutchinsii,Alm
01678,Bramgås x Dværggås (hybrid),Branta leucopsis x Anser erythropus,Alm
01679,Bramgås x Rødhalset Gås (hybrid),Branta leucopsis x B. ruficollis,Alm
01680,Knortegås,Branta bernicla,Alm
01681,Knortegås, Mørkbuget (ssp. bernicla),Branta bernicla bernicla,Alm
01682,Knortegås, Lysbuget (ssp. hrota),Branta bernicla hrota,Alm
01683,Knortegås, Sortbuget (ssp. nigricans),Branta bernicla nigricans,SUB
01688,Knortegås, Mørkbuget x Sortbuget (hybrid),Branta bernicla bernicla x B. b. nigricans,Alm
01690,Rødhalset Gås,Branta ruficollis,SUB
01695,Magellangås,Chloephaga picta,Alm
01699,Rajgås sp.,Branta sp.,Alm
01700,Nilgås,Alopochen aegyptiaca,Alm
01709,Gås sp.,Anser/Branta sp.,Alm
01710,Rustand,Tadorna ferruginea,Alm
01714,Rustand x Gravand (hybrid),Tadorna ferruginea x T. tadorna,Alm
01730,Gravand,Tadorna tadorna,Alm
01750,Moskusand,Cairina moschata,Alm
01770,Brudeand,Aix sponsa,Alm
01780,Mandarinand,Aix galericulata,Alm
01790,Pibeand,Mareca penelope,Alm
01793,Pibeand x Krikand (hybrid),Mareca penelope x Anas crecca,Alm
01794,Pibeand x Gråand (hybrid),Mareca penelope x Anas platyrhynchos,Alm
01797,Pibeand x Knarand (hybrid),Mareca penelope x M. strepera,Alm
01798,Pibeand x Chilepibeand (hybrid),Mareca penelope x M. sibilatrix,Alm
01799,Pibeand/Spidsand,Mareca penelope/Anas acuta,Alm
01800,Amerikansk Pibeand,Mareca americana,SU
01808,Amerikansk Pibeand x Pibeand (hybrid),Mareca americana x M. penelope,Alm
01810,Segland,Mareca falcata,Alm
01820,Knarand,Mareca strepera,Alm
01830,Sibirisk Krikand,Sibirionetta formosa,SU
01840,Krikand,Anas crecca,Alm
01843,Krikand x Gråand (hybrid),Anas crecca x A. platyrhynchos,Alm
01844,Krikand x Amerikansk Krikand (hybrid),Anas crecca x A. carolinensis,Alm
01845,Krikand, Amerikansk (ssp. carolinensis),Anas crecca carolinensis,SUB
01860,Gråand,Anas platyrhynchos,Alm
01866,Gråand x Moskusand (hybrid),Anas platyrhynchos x Cairina moschata,Alm
01867,Gråand x Ederfugl (hybrid),Anas platyrhynchos x Somateria mollissima,Alm
01868,Gråand x Troldand (hybrid),Anas platyrhynchos x Aythya fuligula,Alm
01869,Gråand x svømmeand sp. (hybrid),Anas platyrhynchos x Mareca/Anas/Spatula sp.,Alm
01870,Sortbrun And,Anas rubripes,SU
01890,Spidsand,Anas acuta,Alm
01893,Spidsand x Pibeand (hybrid),Anas acuta x Mareca penelope,Alm
01894,Spidsand x Gråand (hybrid),Anas acuta x A. platyrhynchos,Alm
01895,Gråand x Knarand (hybrid),Anas platyrhynchos x Mareca strepera,Alm
01910,Atlingand,Spatula querquedula,Alm
01920,Blåvinget And,Spatula discors,SU
01930,Kaneland,Spatula cyanoptera,Alm
01940,Skeand,Spatula clypeata,Alm
01946,Skeand x Blåvinget And (hybrid),Spatula clypeata x S. discors,Alm
01947,Skeand x Knarand (hybrid),Spatula clypeata x Mareca strepera,Alm
01948,Skeand x Gråand (hybrid),Spatula clypeata x Anas platyrhynchos,Alm
01949,Svømmeand sp.,Mareca/Anas/Spatula sp.,Alm
01950,Marmorand,Marmaronetta angustirostris,SU
01960,Rødhovedet And,Netta rufina,SUB
01969,Rødhovedet And x Taffeland (hybrid),Netta rufina x Aythya ferina,Alm
01980,Taffeland,Aythya ferina,Alm
01989,Taffeland x Troldand (hybrid),Aythya ferina x A. fuligula,Alm
02000,Halsbåndstroldand,Aythya collaris,SU
02005,Halsbåndstroldand x Troldand (hybrid),Aythya collaris x A. fuligula,Alm
02020,Hvidøjet And,Aythya nyroca,SUB
02028,Hvidøjet And x Troldand (hybrid),Aythya nyroca x A. fuligula,Alm
02029,Hvidøjet And x Taffeland (hybrid),Aythya nyroca x A. ferina,Alm
02030,Troldand,Aythya fuligula,Alm
02038,Troldand/Bjergand,Aythya fuligula/A. marila,Alm
02039,Troldand x Bjergand (hybrid),Aythya fuligula x A. marila,Alm
02040,Bjergand,Aythya marila,Alm
02050,Lille Bjergand,Aythya affinis,SU
02051,Lille Bjergand x Troldand (hybrid),Aythya affinis x A. fuligula,Alm
02058,Dykand hybrid,Aythya sp. x Aythya sp.,Alm
02059,Dykand sp. (Aythya sp.),Aythya sp.,Alm
02060,Ederfugl,Somateria mollissima,Alm
02063,Ederfugl, Arktisk (ssp. borealis),Somateria mollissima borealis,SU
02070,Kongeederfugl,Somateria spectabilis,SUB
02078,Kongeederfugl x Ederfugl (hybrid),Somateria spectabilis x S. mollissima,Alm
02090,Stellersand,Polysticta stelleri,SU
02120,Havlit,Clangula hyemalis,Alm
02130,Sortand,Melanitta nigra,Alm
02132,Amerikansk Sortand,Melanitta americana,SUB
02140,Brilleand,Melanitta perspicillata,SUB
02150,Fløjlsand,Melanitta fusca,Alm
02151,Amerikansk/Asiatisk Fløjlsand,Melanitta deglandi/M. stejnegeri,Alm
02152,Asiatisk Fløjlsand,Melanitta stejnegeri,SU
02153,Amerikansk Fløjlsand,Melanitta deglandi,SU
02160,Bøffeland,Bucephala albeola,SU
02180,Hvinand,Bucephala clangula,Alm
02189,Hvinand x Lille Skallesluger (hybrid),Bucephala clangula x Mergellus albellus,Alm
02190,Hjelmskallesluger,Lophodytes cucullatus,SU
02200,Lille Skallesluger,Mergellus albellus,Alm
02210,Toppet Skallesluger,Mergus serrator,Alm
02218,Toppet Skallesluger/Stor Skallesluger,Mergus serrator/M. merganser,Alm
02230,Stor Skallesluger,Mergus merganser,Alm
02239,Skallesluger sp.,Mergus sp.,Alm
02250,Amerikansk Skarveand,Oxyura jamaicensis,SU
02260,Hvidhovedet And,Oxyura leucocephala,SU
02268,Havdykand sp. (Mergini),Mergini,Alm
02269,Andefugl sp.,Anatidae,Alm
02270,Kalkungrib,Cathartes aura,Alm
02310,Hvepsevåge,Pernis apivorus,Alm
02320,Tophvepsevåge,Pernis ptilorhynchus,SU
02350,Blå Glente,Elanus caeruleus,SU
02380,Sort Glente,Milvus migrans,SUB
02382,Sort Glente, Gulnæbbet (ssp. parasitus),Milvus migrans parasitus,SU
02388,Sort Glente/Rød Glente,Milvus migrans/M. milvus,Alm
02389,Sort Glente x Rød Glente (hybrid),Milvus migrans x M. milvus,Alm
02390,Rød Glente,Milvus milvus,Alm
02430,Havørn,Haliaeetus albicilla,Alm
02440,Hvidhovedet Havørn,Haliaeetus leucocephalus,SU
02450,Beringhavørn,Haliaeetus pelagicus,SU
02460,Lammegrib,Gypaetus barbatus,SU
02470,Ådselgrib,Neophron percnopterus,SU
02510,Gåsegrib,Gyps fulvus,SU
02530,Rüppells Grib,Gyps rueppelli,Alm
02550,Munkegrib,Aegypius monachus,SU
02559,Grib sp.,Gypeatus/Gyps/Aegypticus/Neophron sp.,Alm
02560,Slangeørn,Circaetus gallicus,SU
02600,Rørhøg,Circus aeruginosus,Alm
02610,Blå Kærhøg,Circus cyaneus,Alm
02615,Amerikansk Kærhøg,Circus hudsonius,SU
02619,Blå Kærhøg x Steppehøg (hybrid),Circus cyaneus x C. macrourus,Alm
02620,Steppehøg,Circus macrourus,SUB
02629,Steppehøg/Hedehøg,Circus macrourus/C. pygargus,Alm
02630,Hedehøg,Circus pygargus,Alm
02649,Kærhøg sp.,Circus sp.,Alm
02670,Duehøg,Astur gentilis,Alm
02672,Duehøg, Russisk (ssp. buteoides),Astur gentilis buteoides,SU
02690,Spurvehøg,Accipiter nisus,Alm
02749,Høg sp.,Accipiter/Astur sp.,Alm
02870,Musvåge,Buteo buteo,Alm
02872,Musvåge, Steppevåge (ssp. vulpinus),Buteo buteo vulpinus,SU
02880,Ørnevåge,Buteo rufinus,SU
02900,Fjeldvåge,Buteo lagopus,Alm
02919,Våge sp.,Buteo sp.,Alm
02920,Lille Skrigeørn,Clanga pomarina,SUB
02929,Lille Skrigeørn/Stor Skrigeørn,Clanga pomarina/C. clanga,Alm
02930,Stor Skrigeørn,Clanga clanga,SU
02945,Steppeørn,Aquila nipalensis,SU
02950,Kejserørn,Aquila heliaca,SU
02960,Kongeørn,Aquila chrysaetos,SUB
02979,Ørn sp.,Aquila/Clanga/Haliaeetus/Hieraatus sp.,Alm
02980,Dværgørn,Hieraaetus pennatus,SU
02990,Høgeørn,Aquila fasciata,SU
03010,Fiskeørn,Pandion haliaetus,Alm
03030,Lille Tårnfalk,Falco naumanni,SU
03040,Tårnfalk,Falco tinnunculus,Alm
03050,Amerikansk Tårnfalk,Falco sparverius,SU
03070,Aftenfalk,Falco vespertinus,SUB
03090,Dværgfalk,Falco columbarius,Alm
03100,Lærkefalk,Falco subbuteo,Alm
03109,Lærkefalk/Aftenfalk,Falco subbuteo/F. vespertinus,Alm
03110,Eleonorafalk,Falco eleonorae,SU
03140,Lannerfalk,Falco biarmicus,SU
03160,Slagfalk,Falco cherrug,SU
03180,Jagtfalk,Falco rusticolus,SU
03189,Storfalk sp.,Falco sp.,Alm
03200,Vandrefalk,Falco peregrinus,Alm
03219,Falk sp.,Falco sp.,Alm
03320,Urfugl,Lyrurus tetrix,SU
03550,Chukarhøne,Alectoris chukar,Alm
03580,Rødhøne,Alectoris rufa,Alm
03670,Agerhøne,Perdix perdix,Alm
03700,Vagtel,Coturnix coturnix,Alm
03930,Kongefasan,Syrmaticus reevesii,Alm
03940,Fasan,Phasianus colchicus,Alm
03960,Guldfasan,Chrysolophus pictus,Alm
04070,Vandrikse,Rallus aquaticus,Alm
04080,Plettet Rørvagtel,Porzana porzana,SUB
04100,Lille Rørvagtel,Zapornia parva,SU
04110,Dværgrørvagtel,Zapornia pusilla,SU
04169,Rørvagtel sp.,Porzana/Zapornia sp.,Alm
04210,Engsnarre,Crex crex,Alm
04240,Rørhøne,Gallinula chloropus,Alm
04270,Sultanhøne,Porphyrio porphyrio,Alm
04290,Blishøne,Fulica atra,Alm
04298,Blishøne x Rørhøne (hybrid),Fulica atra x Gallinula chloropus,Alm
04330,Trane,Grus grus,Alm
04360,Prærietrane,Antigone canadensis,SU
04380,Japansk Trane,Grus japonensis,Alm
04385,Trane x Japansk Trane (hybrid),Grus grus x G. japonensis,Alm
04409,Trane sp.,Grus/Antigone sp.,Alm
04410,Jomfrutrane,Grus virgo,SU
04419,Stork/Trane sp.,Ciconia/Grus/Antigone sp.,Alm
04420,Dværgtrappe,Tetrax tetrax,SU
04460,Stortrappe,Otis tarda,SU
04500,Strandskade,Haematopus ostralegus,Alm
04550,Stylteløber,Himantopus himantopus,SUB
04560,Klyde,Recurvirostra avosetta,Alm
04590,Triel,Burhinus oedicnemus,SU
04650,Rødvinget Braksvale,Glareola pratincola,SU
04660,Orientbraksvale,Glareola maldivarum,SU
04670,Sortvinget Braksvale,Glareola nordmanni,SU
04689,Braksvale sp.,Glareola sp.,Alm
04690,Lille Præstekrave,Thinornis dubius,Alm
04700,Stor Præstekrave,Charadrius hiaticula,Alm
04701,Stor Præstekrave (ssp. hiaticula),Charadrius hiaticula hiaticula,Alm
04702,Stor Præstekrave, Tundra (ssp. tundrae),Charadrius hiaticula tundrae,Alm
04770,Hvidbrystet Præstekrave,Anarhynchus alexandrinus,SUB
04780,Tibetansk Præstekrave,Anarhynchus atrifrons,SU
04790,Ørkenpræstekrave,Anarhynchus leschenaultii,SU
04795,Ørken-/Tibetansk/Sibirisk Præstekrave,Anarhynchus leschenaultii/atrifrons/mongolus,Alm
04800,Kaspisk Præstekrave,Anarhynchus asiaticus,SU
04820,Pomeransfugl,Eudromias morinellus,SUB
04840,Amerikansk Hjejle,Pluvialis dominica,SU
04845,Sibirisk Hjejle,Pluvialis fulva,SU
04848,Amerikansk Hjejle/Sibirisk Hjejle,Pluvialis fulva/P. dominica,Alm
04850,Hjejle,Pluvialis apricaria,Alm
04860,Strandhjejle,Pluvialis squatarola,Alm
04870,Sporevibe,Vanellus spinosus,SU
04910,Steppevibe,Vanellus gregarius,SU
04920,Sumpvibe,Vanellus leucurus,SU
04930,Vibe,Vanellus vanellus,Alm
04939,Brokfugl sp.,Charadriinae,Alm
04960,Islandsk Ryle,Calidris canutus,Alm
04961,Islandsk Ryle, Sibirisk (ssp. canutus),Calidris canutus canutus,Alm
04962,Islandsk Ryle, Baffinryle (ssp. islandica),Calidris canutus islandica,Alm
04969,Islandsk Ryle/Lille Kobbersneppe,Calidris canutus/limosa lapponica,Alm
04970,Sandløber,Calidris alba,Alm
04980,Tyknæbbet Dværgryle,Calidris pusilla,SU
05000,Rødhalset Ryle,Calidris ruficollis,SU
05010,Dværgryle,Calidris minuta,Alm
05018,Dværgryle/Temmincksryle,Calidris minuta/C. temminckii,Alm
05020,Temmincksryle,Calidris temminckii,Alm
05050,Hvidrygget Ryle,Calidris fuscicollis,SU
05060,Bairdsryle,Calidris bairdii,SU
05070,Stribet Ryle,Calidris melanotos,SUB
05080,Spidshalet Ryle,Calidris acuminata,SU
05090,Krumnæbbet Ryle,Calidris ferruginea,Alm
05100,Sortgrå Ryle,Calidris maritima,Alm
05120,Almindelig Ryle,Calidris alpina,Alm
05121,Almindelig Ryle, Nordlig (ssp. alpina),Calidris alpina alpina,Alm
05123,Almindelig Ryle, Engryle (ssp. schinzii),Calidris alpina schinzii,Alm
05129,Ryle sp.,Calidris sp.,Alm
05140,Kærløber,Calidris falcinellus,SUB
05150,Klireryle,Calidris himantopus,SU
05160,Prærieløber,Calidris subruficollis,SU
05170,Brushane,Calidris pugnax,Alm
05180,Enkeltbekkasin,Lymnocryptes minimus,Alm
05190,Dobbeltbekkasin,Gallinago gallinago,Alm
05200,Tredækker,Gallinago media,SUB
05270,Langnæbbet Sneppeklire,Limnodromus scolopaceus,SU
05289,Sneppeklire sp.,Limnodromus sp.,Alm
05290,Skovsneppe,Scolopax rusticola,Alm
05320,Stor Kobbersneppe,Limosa limosa,Alm
05321,Stor Kobbersneppe (ssp. limosa),Limosa limosa limosa,Alm
05322,Stor Kobbersneppe, Islandsk (ssp. islandica),Limosa limosa islandica,Alm
05330,Canadisk Kobbersneppe,Limosa haemastica,SU
05340,Lille Kobbersneppe,Limosa lapponica,Alm
05380,Småspove,Numenius phaeopus,Alm
05410,Storspove,Numenius arquata,Alm
05439,Spove sp.,Numenius sp.,Alm
05440,Bartramsklire,Bartramia longicauda,SU
05450,Sortklire,Tringa erythropus,Alm
05459,Sortklire/Rødben,Tringa erythropus/T. totanus,Alm
05460,Rødben,Tringa totanus,Alm
05461,Rødben (ssp. totanus),Tringa totanus totanus,Alm
05462,Rødben, Islandsk (ssp. robusta),Tringa totanus robusta,Alm
05470,Damklire,Tringa stagnatilis,SUB
05480,Hvidklire,Tringa nebularia,Alm
05500,Stor Gulben,Tringa melanoleuca,SU
05510,Lille Gulben,Tringa flavipes,SU
05530,Svaleklire,Tringa ochropus,Alm
05540,Tinksmed,Tringa glareola,Alm
05550,Terekklire,Xenus cinereus,SU
05560,Mudderklire,Actitis hypoleucos,Alm
05570,Plettet Mudderklire,Actitis macularius,SU
05610,Stenvender,Arenaria interpres,Alm
05630,Amerikansk Svømmesneppe,Phalaropus tricolor,SU
05640,Odinshane,Phalaropus lobatus,SUB
05649,Odinshane/Thorshane,Phalaropus lobatus/P. fulicarius,Alm
05650,Thorshane,Phalaropus fulicarius,SUB
05658,Vader sp., Stor,Charadrii sp.,Alm
05659,Vader sp., Lille,Charadrii sp.,Alm
05660,Mellemkjove,Stercorarius pomarinus,SUB
05669,Mellemkjove/Almindelig Kjove,Stercorarius pomarinus/S. parasiticus,Alm
05670,Almindelig Kjove,Stercorarius parasiticus,Alm
05679,Almindelig Kjove/Lille Kjove,Stercorarius parasiticus/S. longicaudus,Alm
05680,Lille Kjove,Stercorarius longicaudus,SUB
05690,Storkjove,Stercorarius skua,Alm
05709,Kjove sp.,Stercorariini,Alm
05730,Stor Sorthovedet Måge,Ichthyaetus ichthyaetus,SU
05750,Sorthovedet Måge,Ichthyaetus melanocephalus,Alm
05758,Sorthovedet Måge x Hættemåge (hybrid),Ichthyaetus melanocephalus x Chroicocephalus ridibundus,Alm
05760,Lattermåge,Leucophaeus atricilla,SU
05770,Præriemåge,Leucophaeus pipixcan,SU
05780,Dværgmåge,Hydrocoloeus minutus,Alm
05790,Sabinemåge,Xema sabini,SUB
05810,Bonapartemåge,Chroicocephalus philadelphia,SU
05820,Hættemåge,Chroicocephalus ridibundus,Alm
05850,Tyndnæbbet Måge,Chroicocephalus genei,SU
05880,Audouinsmåge,Ichthyaetus audouinii,SU
05890,Ringnæbbet Måge,Larus delawarensis,SU
05900,Stormmåge,Larus canus,Alm
05901,Stormmåge (ssp. canus),Larus canus canus,Alm
05902,Stormmåge, Russisk (ssp. heinei),Larus canus heinei,SUB
05910,Sildemåge,Larus fuscus,Alm
05911,Sildemåge, Baltisk (ssp. fuscus),Larus fuscus fuscus,SUB
05912,Sildemåge, Britisk (ssp. graellsii),Larus fuscus graellsii,Alm
05913,Sildemåge, Nordsøsildemåge (ssp. intermedius),Larus fuscus intermedius,Alm
05915,Middelhavssølvmåge,Larus michahellis,SUB
05918,Sølvmåge x Sildemåge (hybrid),Larus argentatus x L. fuscus,Alm
05919,Armensk Måge,Larus armenicus,SU
05920,Sølvmåge,Larus argentatus,Alm
05921,Sølvmåge, Skandinavisk (ssp. argentatus),Larus argentatus argentatus,Alm
05928,Sølvmåge, Britisk (ssp. argenteus),Larus argentatus argenteus,Alm
05930,Kaspisk Måge,Larus cachinnans,Alm
05935,Sølvmåge x Kaspisk Måge (hybrid),Larus argentatus x L. cachinnans,Alm
05960,Gråvinget Måge,Larus glaucescens,SU
05980,Hvidvinget Måge,Larus glaucoides,SUB
05981,Hvidvinget Måge (ssp. glaucoides),Larus glaucoides glaucoides,SUB
05982,Hvidvinget Måge, Baffinmåge (ssp. kumlieni),Larus glaucoides kumlieni,SU
05983,Hvidvinget Måge, Inuitmåge (ssp. thayeri),Larus glaucoides thayeri,SU
05990,Gråmåge,Larus hyperboreus,SUB
05999,Sølvmåge x Gråmåge (hybrid),Larus argentatus x L. hyperboreus,Alm
06000,Svartbag,Larus marinus,Alm
06010,Rosenmåge,Rhodostethia rosea,SU
06020,Ride,Rissa tridactyla,Alm
06040,Ismåge,Pagophila eburnea,SU
06049,Måge sp.,Larini,Alm
06050,Sandterne,Gelochelidon nilotica,SUB
06060,Rovterne,Hydroprogne caspia,Alm
06110,Splitterne,Thalasseus sandvicensis,Alm
06120,Aztekerterne,Thalasseus elegans,SU
06140,Rosenterne,Sterna dougallii,SU
06150,Fjordterne,Sterna hirundo,Alm
06159,Fjordterne/Havterne,Sterna hirundo/S. paradisaea,Alm
06160,Havterne,Sterna paradisaea,Alm
06220,Brilleterne,Onychoprion anaethetus,SU
06240,Dværgterne,Sternula albifrons,Alm
06259,Terne sp.,Sterna/Clidonias/etc sp.,Alm
06260,Hvidskægget Terne,Chlidonias hybrida,SU
06270,Sortterne,Chlidonias niger,Alm
06280,Hvidvinget Terne,Chlidonias leucopterus,SUB
06289,Moseterne sp.,Chlidonias sp.,Alm
06340,Lomvie,Uria aalge,Alm
06341,Lomvie, Nordlig (ssp. aalge),Uria aalge aalge,Alm
06342,Lomvie, Britisk (ssp. albionis),Uria aalge albionis,Alm
06350,Polarlomvie,Uria lomvia,SU
06360,Alk,Alca torda,Alm
06361,Alk, Nordlig (ssp. torda),Alca torda torda,Alm
06362,Alk, Atlantisk (ssp. islandica),Alca torda islandica,Alm
06369,Lomvie/Alk,Uria aalge/Alca torda,Alm
06380,Tejst,Cepphus grylle,Alm
06381,Tejst, Baltisk (ssp. grylle),Cepphus grylle grylle,Alm
06385,Tejst, Atlantisk (ssp. arcticus),Cepphus grylle arcticus,Alm
06386,Tejst, Arktisk (ssp. mandtii),Cepphus grylle mandtii,SU
06470,Søkonge,Alle alle,SUB
06540,Lunde,Fratercula arctica,SUB
06569,Alkefugl sp.,Alcinae,Alm
06630,Steppehøne,Syrrhaptes paradoxus,SU
06650,Klippedue (tamdue),Columba livia,Alm
06680,Huldue,Columba oenas,Alm
06700,Ringdue,Columba palumbus,Alm
06840,Tyrkerdue,Streptopelia decaocto,Alm
06870,Turteldue,Streptopelia turtur,SUB
06890,Østlig Turteldue,Streptopelia orientalis,SU
06950,Sørgedue,Zenaida macroura,SU
07069,Due sp.,Columbidae,Alm
07085,Munkeparakit,Myiopsitta monachus,Alm
07087,Soldaterara,Ara militaris,Alm
07120,Alexanderparakit,Psittacula krameri,Alm
07135,Stor Alexanderparakit,Psittacula eupatria,Alm
07149,Papegøje sp.,Psittacidae,Alm
07160,Skadegøg,Clamator glandarius,SU
07240,Gøg,Cuculus canorus,Alm
07350,Slørugle,Tyto alba,Alm
07351,Slørugle, Hvidbrystet (ssp. alba),Tyto alba alba,SU
07352,Slørugle, Mørkbrystet (ssp. guttata),Tyto alba guttata,Alm
07390,Dværghornugle,Otus scops,SU
07440,Stor Hornugle,Bubo bubo,Alm
07490,Sneugle,Bubo scandiacus,SU
07500,Høgeugle,Surnia ulula,SU
07510,Spurveugle,Glaucidium passerinum,SU
07570,Kirkeugle,Athene noctua,SUB
07610,Natugle,Strix aluco,Alm
07670,Skovhornugle,Asio otus,Alm
07679,Skovhornugle/Mosehornugle,Asio otus/A. flammeus,Alm
07680,Mosehornugle,Asio flammeus,Alm
07700,Perleugle,Aegolius funereus,SUB
07719,Ugle sp.,Strigidae,Alm
07780,Natravn,Caprimulgus europaeus,Alm
07810,Ørkennatravn,Caprimulgus aegyptius,SU
07920,Tornhalesejler,Hirundapus caudacutus,SU
07950,Mursejler,Apus apus,Alm
07960,Gråsejler,Apus pallidus,SU
07970,Orientsejler,Apus pacificus,SU
07980,Alpesejler,Tachymarptis melba,SU
07990,Kaffersejler,Apus caffer,SU
08000,Lille Sejler,Apus affinis,SU
08009,Sejler sp.,Apus sp.,Alm
08310,Isfugl,Alcedo atthis,Alm
08390,Grøn Biæder,Merops persicus,SU
08400,Biæder,Merops apiaster,SUB
08410,Ellekrage,Coracias garrulus,SU
08460,Hærfugl,Upupa epops,SUB
08480,Vendehals,Jynx torquilla,Alm
08560,Grønspætte,Picus viridis,Alm
08630,Sortspætte,Dryocopus martius,Alm
08760,Stor Flagspætte,Dendrocopos major,Alm
08761,Stor Flagspætte, Nordlig (ssp. major),Dendrocopos major major,Alm
08764,Stor Flagspætte, Sydlig (ssp. pinetorum),Dendrocopos major pinetorum,Alm
08769,Stor Flagspætte x Hvidrygget Flagspætte (hybrid),Dendrocopos major x D. leucotos,Alm
08830,Mellemflagspætte,Dendrocoptes medius,SUB
08870,Lille Flagspætte,Dryobates minor,Alm
08871,Lille Flagspætte, Nordlig (ssp. minor),Dryobates minor minor,Alm
08876,Lille Flagspætte, Sydlig (ssp. hortorum),Dryobates minor hortorum,Alm
08980,Tretået Spætte,Picoides tridactylus,SU
09019,Spætte sp.,Picidae,Alm
09620,Østlig Kalanderlærke,Melanocorypha bimaculata,SU
09680,Korttået Lærke,Calandrella brachydactyla,SU
09720,Toplærke,Galerida cristata,SUB
09740,Hedelærke,Lullula arborea,Alm
09760,Sanglærke,Alauda arvensis,Alm
09780,Bjerglærke,Eremophila alpestris,Alm
09799,Lærke sp.,Alaudidae,Alm
09810,Digesvale,Riparia riparia,Alm
09910,Klippesvale,Ptyonoprogne rupestris,SU
09920,Landsvale,Hirundo rustica,Alm
09950,Rødrygget Svale,Cecropis rufula,SUB
09951,Amursvale,Cecropis daurica,SU
10010,Bysvale,Delichon urbicum,Alm
10018,Landsvale x Bysvale (hybrid),Hirundo rustica x Delichon urbicum,Alm
10019,Svale sp.,Hirundinidae,Alm
10020,Storpiber,Anthus richardi,SUB
10040,Mongolsk Piber,Anthus godlewskii,SU
10050,Markpiber,Anthus campestris,SUB
10080,Tajgapiber,Anthus hodgsoni,SU
10090,Skovpiber,Anthus trivialis,Alm
10110,Engpiber,Anthus pratensis,Alm
10120,Rødstrubet Piber,Anthus cervinus,SUB
10135,Skærpiber,Anthus petrosus,Alm
10140,Bjergpiber,Anthus spinoletta,SUB
10144,Bjergpiber/Skærpiber,Anthus spinoletta/A. petrosus,Alm
10159,Piber sp.,Anthus sp.,Alm
10170,Gul Vipstjert,Motacilla flava,Alm
10171,Gul Vipstjert (ssp. flava),Motacilla flava flava,Alm
10172,Gul Vipstjert, Gulhovedet (ssp. flavissima),Motacilla flava flavissima,SUB
10173,Gul Vipstjert, Nordlig (ssp. thunbergi),Motacilla flava thunbergi,Alm
10174,Gul Vipstjert, Sorthovedet (ssp. feldegg),Motacilla flava feldegg,SU
10179,Gul Vipstjert, Almindelig x Gulhovedet (hybrid),Motacilla flava flava x M. f. flavissima,Alm
10180,Citronvipstjert,Motacilla citreola,SUB
10181,Citronvipstjert x Gul Vipstjert (hybrid),Motacilla citreola x M. flava,Alm
10190,Bjergvipstjert,Motacilla cinerea,Alm
10200,Hvid Vipstjert,Motacilla alba,Alm
10201,Hvid Vipstjert (ssp. alba),Motacilla alba alba,Alm
10202,Hvid Vipstjert, Sortrygget Vipstjert (ssp. yarrellii),Motacilla alba yarrellii,SUB
10239,Vipstjert sp.,Motacilla sp.,Alm
10480,Silkehale,Bombycilla garrulus,Alm
10500,Vandstær,Cinclus cinclus,Alm
10660,Gærdesmutte,Troglodytes troglodytes,Alm
10669,Gærdesmutte, Nordatlantisk (fridariensis/hirtensis/borealis),Troglodytes troglodytes ssp. fridariensis/hirtensis/borealis,SU
10840,Jernspurv,Prunella modularis,Alm
10860,Sibirisk Jernspurv,Prunella montanella,SU
10900,Sortstrubet Jernspurv,Prunella atrogularis,SU
10940,Alpejernspurv,Prunella collaris,SU
10990,Rødhals,Erithacus rubecula,Alm
11020,Manchurernattergal,Larvivora sibilans,SU
11030,Nattergal,Luscinia luscinia,Alm
11039,Nattergal/Sydlig Nattergal,Luscinia luscinia/L. megarhynchos,Alm
11040,Sydlig Nattergal,Luscinia megarhynchos,SUB
11050,Rubinnattergal,Calliope calliope,SU
11060,Blåhals,Luscinia svecica,Alm
11061,Blåhals, Nordlig (ssp. svecica),Luscinia svecica svecica,SUB
11062,Blåhals, Sydlig (ssp. cyanecula),Luscinia svecica cyanecula,Alm
11130,Blåstjert,Tarsiger cyanurus,SU
11210,Husrødstjert,Phoenicurus ochruros,Alm
11215,Husrødstjert, Tien-Shan (ssp. phoenicuroides),Phoenicurus ochruros phoenicuroides,SU
11220,Rødstjert,Phoenicurus phoenicurus,Alm
11370,Bynkefugl,Saxicola rubetra,Alm
11379,Bynkefugl x Sortstrubet Bynkefugl (hybrid),Saxicola rubetra x S. rubicola,Alm
11390,Sortstrubet Bynkefugl,Saxicola rubicola,Alm
11391,Sortstrubet Bynkefugl, Europæisk (ssp. rubicola),Saxicola rubicola rubicola,Alm
11392,Sibirisk Bynkefugl, Bjergbynkefugl (ssp. stejnegeri),Saxicola maurus stejnegeri,SU
11393,Sortstrubet Bynkefugl, Atlantisk (ssp. hibernans),Saxicola rubicola hibernans,Alm
11394,Sibirisk Bynkefugl (ssp. maurus),Saxicola maurus maurus,SU
11396,Sibirisk Bynkefugl, Steppebynkefugl (ssp. variegatus),Saxicola maurus variegatus,SU
11397,Sibirisk Bynkefugl, Kaukasusbynkefugl (ssp. hemprichii),Saxicola maurus hemprichii,SU
11399,Sibirisk Bynkefugl,Saxicola maurus,SU
11440,Isabellastenpikker,Oenanthe isabellina,SU
11460,Stenpikker,Oenanthe oenanthe,Alm
11461,Stenpikker (ssp. oenanthe),Oenanthe oenanthe oenanthe,Alm
11462,Stenpikker, Grønlandsk (ssp. leucorhoa),Oenanthe oenanthe leucorhoa,Alm
11470,Nonnestenpikker,Oenanthe pleschanka,SU
11480,Vestlig Middelhavsstenpikker/Østlig Middelhavsstenpikker,Oenanthe hispanica/O. melanoleuca,Alm
11481,Vestlig Middelhavsstenpikker,Oenanthe hispanica,SU
11482,Østlig Middelhavsstenpikker,Oenanthe melanoleuca,SU
11490,Ørkenstenpikker,Oenanthe deserti,SU
11570,Hvidkronet Stenpikker,Oenanthe leucopyga,SU
11620,Stendrossel,Monticola saxatilis,SU
11700,Gulddrossel,Zoothera aurea,SU
11760,Eremitdrossel,Catharus guttatus,SU
11770,Olivenskovdrossel,Catharus ustulatus,SU
11860,Ringdrossel,Turdus torquatus,Alm
11870,Solsort,Turdus merula,Alm
11950,Gråstrubet Drossel,Turdus obscurus,SU
11962,Brundrossel,Turdus eunomus,SU
11970,Rødstrubet Drossel/Sortstrubet Drossel,Turdus ruficollis/T. atrogularis,Alm
11972,Sortstrubet Drossel,Turdus atrogularis,SU
11980,Sjagger,Turdus pilaris,Alm
11989,Sjagger x Solsort (hybrid),Turdus pilaris x T. merula,Alm
12000,Sangdrossel,Turdus philomelos,Alm
12009,Sangdrossel/Vindrossel,Turdus philomelos/T. iliacus,Alm
12010,Vindrossel,Turdus iliacus,Alm
12012,Vindrossel, Islandsk (ssp. coburni),Turdus iliacus coburni,SUB
12020,Misteldrossel,Turdus viscivorus,Alm
12030,Vandredrossel,Turdus migratorius,SU
12069,Drossel sp.,Turdinae,Alm
12200,Cettisanger,Cettia cetti,SU
12260,Cistussanger,Cisticola juncidis,SU
12350,Stribet Græshoppesanger,Locustella lanceolata,SU
12360,Græshoppesanger,Locustella naevia,Alm
12370,Flodsanger,Locustella fluviatilis,SUB
12380,Savisanger,Locustella luscinioides,SUB
12420,Vandsanger,Acrocephalus paludicola,SU
12430,Sivsanger,Acrocephalus schoenobaenus,Alm
12470,Lille Rørsanger,Acrocephalus agricola,SU
12480,Buskrørsanger,Acrocephalus dumetorum,SUB
12500,Kærsanger,Acrocephalus palustris,Alm
12510,Rørsanger,Acrocephalus scirpaceus,Alm
12530,Drosselrørsanger,Acrocephalus arundinaceus,SUB
12550,Bleg Gulbug,Iduna pallida,SU
12560,Lille Gulbug,Iduna caligata,SU
12590,Gulbug,Hippolais icterina,Alm
12600,Spottesanger,Hippolais polyglotta,SU
12610,Sardinsk Sanger,Curruca sarda,SU
12650,Rødstrubet Sanger/Iberisk Sanger/Makisanger,Curruca cantillans/iberiae/subalpina,Alm
12651,Rødstrubet Sanger (ssp. cantillans),Curruca cantillans cantillans,SU
12653,Rødstrubet Sanger (ssp. albistriata),Curruca cantillans albistriata,SU
12654,Rødstrubet Sanger,Curruca cantillans,SU
12655,Makisanger,Curruca subalpina,SU
12656,Iberisk Sanger,Curruca iberiae,SU
12670,Sorthovedet Sanger,Curruca melanocephala,SU
12690,Sortstrubet Sanger,Curruca ruppeli,SU
12700,Asiatisk Ørkensanger,Curruca nana,SU
12730,Høgesanger,Curruca nisoria,SUB
12739,Gærdesanger, Steppe (ssp. halimodendri),Curruca curruca halimodendri,SU
12740,Gærdesanger,Curruca curruca,Alm
12742,Gærdesanger, Sibirisk (ssp. blythi),Curruca curruca blythi,SU
12747,Gærdesanger, Sibirisk/Steppe (ssp. blythi/halimodendri),Curruca curruca blythi/C. C. halimodendri,SU
12750,Tornsanger,Curruca communis,Alm
12760,Havesanger,Sylvia borin,Alm
12770,Munk,Sylvia atricapilla,Alm
12910,Grøn Sanger,Phylloscopus nitidus,SU
12920,Østlig Lundsanger,Phylloscopus plumbeitarsus,SU
12930,Lundsanger,Phylloscopus trochiloides,SUB
12950,Nordsanger,Phylloscopus borealis,SU
12980,Fuglekongesanger,Phylloscopus proregulus,SUB
13000,Hvidbrynet Løvsanger,Phylloscopus inornatus,SUB
13005,Himalayasanger,Phylloscopus humei,SU
13010,Schwarz Løvsanger,Phylloscopus schwarzi,SU
13030,Brun Løvsanger,Phylloscopus fuscatus,SUB
13050,Sinkiangløvsanger,Phylloscopus griseolus,SU
13070,Bjergløvsanger,Phylloscopus bonelli,SU
13079,Bjergløvsanger/Balkanløvsanger,Phylloscopus bonelli/P. orientalis,Alm
13080,Skovsanger,Phylloscopus sibilatrix,Alm
13110,Gransanger,Phylloscopus collybita,Alm
13111,Gransanger, Sydlig (ssp. collybita),Phylloscopus collybita collybita,Alm
13113,Gransanger, Sibirisk (ssp. tristis),Phylloscopus collybita tristis,SUB
13114,Gransanger, Skandinavisk (ssp. abietinus),Phylloscopus collybita abietinus,Alm
13116,Iberisk Gransanger,Phylloscopus ibericus,SU
13119,Gransanger x Løvsanger (hybrid),Phylloscopus collybita x P. trochilus,Alm
13120,Løvsanger,Phylloscopus trochilus,Alm
13121,Løvsanger, Almindelig (ssp. trochilus),Phylloscopus trochilus trochilus,Alm
13122,Løvsanger, Nordlig (ssp. acredula),Phylloscopus trochilus acredula,Alm
13129,Phylloscopus sp.,Phylloscopus sp.,Alm
13140,Fuglekonge,Regulus regulus,Alm
13150,Rødtoppet Fuglekonge,Regulus ignicapilla,Alm
13168,Sanger sp.,Sylvidae,Alm
13350,Grå Fluesnapper,Muscicapa striata,Alm
13430,Lille Fluesnapper,Ficedula parva,SUB
13432,Tajgafluesnapper,Ficedula albicilla,SU
13480,Hvidhalset Fluesnapper,Ficedula albicollis,SUB
13489,Hvidhalset Fluesnapper x Broget Fluesnapper (hybrid),Ficedula albicollis x F. hypoleuca,Alm
13490,Broget Fluesnapper,Ficedula hypoleuca,Alm
13559,Fluesnapper sp.,Muscicapidae,Alm
13640,Skægmejse,Panurus biarmicus,Alm
14370,Halemejse,Aegithalos caudatus,Alm
14371,Halemejse, Nordlig (ssp. caudatus),Aegithalos caudatus caudatus,Alm
14374,Halemejse, Sydlig (ssp. europaeus),Aegithalos caudatus europaeus,Alm
14378,Nordlig Halemejse x Sydlig Halemejse (hybrid),Aegithalos c. caudatus x A. c. europaeus,Alm
14400,Sumpmejse,Poecile palustris,Alm
14409,Sumpmejse/Fyrremejse,Poecile palustris/P. montanus,Alm
14420,Fyrremejse,Poecile montanus,Alm
14423,Fyrremejse, Pilemejse (ssp. salicarius),Poecile montanus salicarius,Alm
14540,Topmejse,Lophophanes cristatus,Alm
14610,Sortmejse,Periparus ater,Alm
14620,Blåmejse,Cyanistes caeruleus,Alm
14640,Musvit,Parus major,Alm
14669,Mejse sp.,Parus/Poecile/etc. sp.,Alm
14790,Spætmejse,Sitta europaea,Alm
14791,Spætmejse, Lysbuget (ssp. europaea),Sitta europaea europaea,Alm
14793,Spætmejse, Mørkbuget (ssp. caesia),Sitta europaea caesia,Alm
14860,Træløber,Certhia familiaris,Alm
14861,Træløber, Nordlig (ssp. familiaris),Certhia familiaris familiaris,Alm
14863,Træløber, Sydlig (ssp. macrodactyla),Certhia familiaris macrodactyla,Alm
14869,Træløber/Korttået Træløber,Certhia familiaris/C. brachydactyla,Alm
14870,Korttået Træløber,Certhia brachydactyla,Alm
14900,Pungmejse,Remiz pendulinus,SUB
15080,Pirol,Oriolus oriolus,SUB
15130,Brun Tornskade,Lanius cristatus,SU
15140,Turkestantornskade,Lanius phoenicuroides,SU
15150,Rødrygget Tornskade,Lanius collurio,Alm
15170,Langhalet Tornskade,Lanius schach,SU
15190,Rosenbrystet Tornskade,Lanius minor,SU
15195,Stor Tornskade, Ørkentornskade (ssp. pallidirostris),Lanius excubitor pallidirostris,SU
15200,Stor Tornskade,Lanius excubitor,Alm
15230,Rødhovedet Tornskade,Lanius senator,SU
15249,Tornskade sp.,Lanius sp.,Alm
15390,Skovskade,Garrulus glandarius,Alm
15470,Iberisk Blåskade,Cyanopica cooki,Alm
15490,Husskade,Pica pica,Alm
15570,Nøddekrige,Nucifraga caryocatactes,SUB
15571,Nøddekrige, Tyknæbbet (ssp. caryocatactes),Nucifraga caryocatactes caryocatactes,SUB
15572,Nøddekrige, Tyndnæbbet (ssp. macrorhynchos),Nucifraga caryocatactes macrorhynchos,SUB
15600,Allike,Coloeus monedula,Alm
15601,Allike, Almindelig (ssp. monedula),Coloeus monedula monedula,Alm
15602,Allike, Halsbåndsallike (ssp. soemmerringii),Coloeus monedula soemmerringii,SU
15603,Allike, Vestlig (ssp. spermologus),Coloeus monedula spermologus,Alm
15630,Råge,Corvus frugilegus,Alm
15670,Krage,Corvus corone,Alm
15671,Krage, Sortkrage (ssp. corone),Corvus corone corone,Alm
15673,Krage, Gråkrage (ssp. cornix),Corvus corone cornix,Alm
15679,Sortkrage x Gråkrage (hybrid),Corvus c. corone x C. c. cornix,Alm
15700,Broget Krage,Corvus albus,SU
15720,Ravn,Corvus corax,Alm
15749,Kragefugl sp.,Corvidae,Alm
15820,Stær,Sturnus vulgaris,Alm
15830,Ensfarvet Stær,Sturnus unicolor,SU
15840,Rosenstær,Pastor roseus,SUB
15910,Gråspurv,Passer domesticus,Alm
15920,Spansk Spurv,Passer hispaniolensis,SU
15980,Skovspurv,Passer montanus,Alm
15988,Gråspurv/Skovspurv,Passer domesticus/P. montanus,Alm
15989,Gråspurv x Skovspurv (hybrid),Passer domesticus x P. montanus,Alm
16330,Rødøjet Vireo,Vireo olivaceus,SU
16360,Bogfinke,Fringilla coelebs,Alm
16380,Kvækerfinke,Fringilla montifringilla,Alm
16388,Bogfinke/Kvækerfinke,Fringilla coelebs/F. montifringilla,Alm
16389,Finke sp.,Fringillidae,Alm
16400,Gulirisk,Serinus serinus,SUB
16420,Kanariefugl,Serinus canaria,Alm
16490,Grønirisk,Chloris chloris,Alm
16500,Brunirisk,Chloris sinica,Alm
16530,Stillits,Carduelis carduelis,Alm
16540,Grønsisken,Spinus spinus,Alm
16600,Tornirisk,Linaria cannabina,Alm
16609,Tornirisk/Bjergirisk,Linaria cannabina/L. flavirostris,Alm
16620,Bjergirisk,Linaria flavirostris,Alm
16630,Gråsisken,Acanthis flammea,Alm
16634,Gråsisken, Nordlig (ssp. flammea),Acanthis flammea flammea,Alm
16635,Gråsisken, Lille (ssp. cabaret),Acanthis flammea cabaret,Alm
16640,Gråsisken, Hvidsisken (ssp. exilipes),Acanthis flammea exilipes,SUB
16649,Sisken sp.,Spinus/Acanthis sp.,Alm
16650,Hvidvinget Korsnæb,Loxia leucoptera,SUB
16660,Lille Korsnæb,Loxia curvirostra,Alm
16669,Lille Korsnæb/Stor Korsnæb,Loxia curvirostra/L. pytyopsittacus,Alm
16680,Stor Korsnæb,Loxia pytyopsittacus,SUB
16689,Korsnæb sp.,Loxia sp.,Alm
16740,Ørkenfinke,Rhodospiza obsoleta,Alm
16760,Ørkendompap,Bucanetes githagineus,SU
16790,Karmindompap,Carpodacus erythrinus,Alm
16890,Rosenfinke,Carpodacus roseus,Alm
16990,Krognæb,Pinicola enucleator,SU
17040,Langhalet Rosenfinke,Carpodacus sibiricus,SU
17100,Dompap,Pyrrhula pyrrhula,Alm
17101,Dompap, Stor (ssp. pyrrhula),Pyrrhula pyrrhula pyrrhula,Alm
17102,Dompap, Lille (ssp. europaea),Pyrrhula pyrrhula europaea,Alm
17170,Kernebider,Coccothraustes coccothraustes,Alm
17330,Gul Sanger,Setophaga aestiva,SU
17530,Stribet Sanger,Setophaga striata,SU
18390,Hvidkronet Spurv,Zonotrichia leucophrys,SU
18400,Hvidstrubet Spurv,Zonotrichia albicollis,SU
18470,Lapværling,Calcarius lapponicus,SUB
18479,Lapværling/Snespurv,Calcarius lapponicus/Plectrophenax nivalis,Alm
18500,Snespurv,Plectrophenax nivalis,Alm
18560,Hvidkindet Værling,Emberiza leucocephalos,SU
18570,Gulspurv,Emberiza citrinella,Alm
18580,Gærdeværling,Emberiza cirlus,SU
18600,Klippeværling,Emberiza cia,SU
18650,Gulgrå Værling,Emberiza cineracea,SU
18660,Hortulan,Emberiza hortulana,SUB
18670,Bjerghortulan,Emberiza buchanani,SU
18710,Gulbrynet Værling,Emberiza chrysophrys,SU
18730,Pileværling,Emberiza rustica,SU
18740,Dværgværling,Emberiza pusilla,SUB
18760,Gulbrystet Værling,Emberiza aureola,SU
18770,Rørspurv,Emberiza schoeniclus,Alm
18800,Brunhovedet Værling,Emberiza bruniceps,SU
18809,Brunhovedet Værling/Hætteværling,Emberiza bruniceps/E. melanocephala,Alm
18810,Hætteværling,Emberiza melanocephala,SU
18819,Værling sp.,Emberiza sp.,Alm
18820,Bomlærke,Emberiza calandra,Alm
18920,Indigofinke,Passerina cyanea,SU
19999,Småfugl sp. (Pibere, Finker, Spurve o.lign.),Passerinae,Alm
24997,Burfugl sp.,Cage bird sp.,Alm
24998,Hybrid sp.,Hybrid,Alm
25800,Chilepibeand,Mareca sibilatrix,Alm
26643,Sibirisk Vipstjert,Motacilla tschutschensis,SU
32450,Rødbrystet Svale,Cecropis semirufa,SU
33810,Rødvinget Sortstær,Onychognathus morio,Alm
34130,Afrikansk Skestork,Platalea alba,Alm
35670,Påfugl,Pavo cristatus,Alm
40000,Undulat,Melopsittacus undulatus,Alm
40010,Nymfeparakit,Nymphicus hollandicus,Alm
99999,Ny fugleart for landet,Aves sp.,Alm
